,Person,Total Gross,Number of Movies,Average,#1 Picture,Gross
0,Amy Adams,2402900000.0,30,$80.1,Batman v Superman,330400000.0
1,Ben Affleck,2517800000.0,39,$64.6,Batman v Superman,330400000.0
2,Casey Affleck,922800000.0,24,$38.4,Interstellar,188000000.0
3,Dianna Agron,132199999.99999999,5,$26.4,I Am Number Four,55100000.0
4,Jessica Alba,952300000.0,24,$39.7,Fantastic Four (2005),154700000.0
5,Alan Alda,753000000.0,22,$34.2,What Women Want,182800000.0
6,Mahershala Ali,1399600000.0,13,$107.7,Mockingjay Part 1,337100000.0
7,Joan Allen,854500000.0,25,$34.2,The Bourne Ultimatum,227500000.0
8,Tim Allen,1763000000.0,20,$88.1,Toy Story 3,415000000.0
9,Woody Allen,461300000.0,27,$17.1,Antz,90800000.0
10,Mathieu Amalric,300700000.0,13,$23.1,Quantum of Solace,168400000.0
11,Gillian Anderson,180300000.0,15,$12.0,X-Files,83900000.0
12,Julie Andrews,929000000.0,14,$66.4,Despicable Me 3,264600000.00000003
13,Jennifer Aniston,1627100000.0,32,$50.8,Bruce Almighty,242800000.0
14,Aziz Ansari,168600000.0,3,$56.2,Epic,107500000.0
15,Christina Applegate,1117100000.0,21,$53.2,Alvin and the Chipmunks 2,219600000.0
16,Tom Arnold,415900000.0,19,$21.9,True Lies,146300000.0
17,Rosanna Arquette,396900000.0,21,$18.9,Pulp Fiction,107900000.0
18,Gemma Arterton,517400000.0,14,$37.0,Quantum of Solace,168400000.0
19,Kevin Bacon,1519200000.0,48,$31.7,Apollo 13,173800000.0
20,Penn Badgley,134600000.0,6,$22.4,Easy A,58400000.0
21,Alec Baldwin,2708000000.0,56,$48.4,Mission: Impossible 6,220200000.0
22,Christian Bale,2293900000.0,39,$58.8,The Dark Knight,535200000.00000006
23,Eric Bana,1068300000.0,17,$62.8,Star Trek,257700000.0
24,Anne Bancroft,548000000.0,28,$19.6,The Graduate,104900000.0
25,Antonio Banderas,2386400000.0,43,$55.5,Shrek 2,441200000.0
26,Elizabeth Banks,3043000000.0,39,$78.0,Catching Fire,424700000.0
27,Javier Bardem,725000000.0,19,$38.2,Skyfall,304400000.0
28,Ben Barnes,287700000.0,5,$57.5,The Chronicles of Narnia: Prince Caspian,141600000.0
29,Drew Barrymore,1614600000.0,36,$44.9,E.T.,435100000.0
30,Justin Bartha,1134000000.0,12,$94.5,The Hangover,277300000.0
31,Jay Baruchel,1234100000.0,19,$65.0,How to Train Your Dragon,217600000.0
32,Kim Basinger,1185500000.0,36,$32.9,Batman,251200000.0
33,Angela Bassett,1801400000.0,27,$66.7,Black Panther,700100000.0
34,Jason Bateman,1961100000.0,32,$61.3,Zootopia,341300000.0
35,Kathy Bates,2355800000.0,49,$48.1,Titanic,659400000.0
36,Dave Bautista,1758500000.0,10,$175.9,Avengers: Infinity War,678800000.0
37,Sean Bean,1641800000.0,32,$51.3,Fellowship of the Ring,315500000.0
38,Warren Beatty,312200000.0,9,$34.7,Dick Tracy,103700000.0
39,Kate Beckinsale,1046099999.9999999,26,$40.2,Pearl Harbor,198500000.0
40,Ashley Bell,56200000.0,2,$28.1,The Last Exorcism,41000000.0
41,Jamie Bell,573900000.0,20,$28.7,King Kong,218100000.0
42,Kristen Bell,1035200000.0,19,$54.5,Frozen,400700000.0
43,Lake Bell,365500000.0,10,$36.5,It's Complicated,112700000.0
44,Maria Bello,988300000.0,30,$32.9,Grown Ups,162000000.0
45,Monica Bellucci,1027900000.0000001,16,$64.2,Passion of the Christ,370800000.0
46,Roberto Benigni,88900000.0,11,$8.1,Life Is Beautiful,57600000.0
47,Annette Bening,1030300000.0,31,$33.2,Captain Marvel,416000000.0
48,Melissa Benoist,50500000.0,2,$25.3,The Longest Ride,37400000.0
49,Peter Berg,229800000.0,5,$46.0,Collateral,101000000.0
50,Gael Garcia Bernal,317000000.0,24,$13.2,Coco,209700000.0
51,Halle Berry,1988100000.0,32,$62.1,X-Men: The Last Stand,234400000.0
52,Paul Bettany,2605800000.0,25,$104.2,Avengers: Infinity War,678800000.0
53,Justin Bieber,79200000.0,2,$39.6,Justin Bieber,73000000.0
54,Jessica Biel,773000000.0,25,$30.9,I Now Pronounce You Chuck and Larry,120100000.0
55,Rachel Bilson,95300000.0,5,$19.1,Jumper,80200000.0
56,Mike Binder,19100000.0,2,$9.5,The Upside of Anger,18800000.0
57,Brad Bird,608600000.0,1,$608.6,Incredibles 2,608600000.0
58,Jack Black,2091100000.0,27,$77.4,Jumanji (2017),404600000.0
59,Lucas Black,730200000.0,12,$60.8,Furious 7,353000000.0
60,Macon Blair,9400000.0,3,$3.1,The Florida Project,5900000.0
61,Cate Blanchett,3487500000.0,45,$77.5,Return of the King,377800000.0
62,Nikki Blonsky,118900000.0,3,$39.6,Hairspray (2007),118900000.0
63,Orlando Bloom,2988400000.0,18,$166.0,Dead Man's Chest,423300000.0
64,Emily Blunt,1470200000.0,29,$50.7,A Quiet Place,188000000.0
65,Chadwick Boseman,2403900000.0,8,$300.5,Black Panther,700100000.0
66,Kate Bosworth,529299999.99999994,19,$27.9,Superman Returns,200100000.0
67,Sofia Boutella,426600000.0,6,$71.1,Star Trek Beyond,158800000.0
68,John Boyega,1655000000.0,6,$275.8,Star Wars: The Force Awakens,936700000.0
69,Luke Bracey,171000000.0,5,$34.2,Hacksaw Ridge,67200000.0
70,Zach Braff,281700000.0,6,$47.0,Oz The Great and Powerful,234900000.0
71,Kenneth Branagh,919200000.0,19,$48.4,Harry Potter / Chamber of Secrets,262200000.0
72,Russell Brand,1187400000.0,10,$118.7,Despicable Me 2,368100000.0
73,Marlon Brando,552800000.0,12,$46.1,The Godfather,135000000.0
74,Benjamin Bratt,1053099999.9999999,21,$50.1,Despicable Me 2,368100000.0
75,Ewen Bremner,1161800000.0,16,$72.6,Wonder Woman,412600000.0
76,Abigail Breslin,1103900000.0,21,$52.6,Signs,228000000.0
77,Jordana Brewster,1157800000.0,7,$165.4,Furious 7,353000000.0
78,Chris 'Ludacris' Bridges,1513500000.0,14,$108.1,Furious 7,353000000.0
79,Jeff Bridges,1804700000.0,54,$33.4,Iron Man,318400000.0
80,Jim Broadbent,1156200000.0,47,$24.6,Harry Potter 6,302100000.0
81,Matthew Broderick,1396900000.0,36,$38.8,Lion King,422800000.0
82,Adam Brody,492700000.0,18,$27.4,Mr. & Mrs. Smith,186300000.0
83,Adrien Brody,603400000.0,33,$18.3,King Kong,218100000.0
84,Josh Brolin,3122500000.0,40,$78.1,Avengers: Infinity War,678800000.0
85,Albert Brooks,1208300000.0,21,$57.5,Finding Dory,486300000.0
86,Pierce Brosnan,1611000000.0,40,$40.3,Mrs. Doubtfire,219200000.0
87,Chris Brown,269400000.0,6,$44.9,Think Like a Man,91500000.0
88,Emily Browning,238900000.0,11,$21.7,Lemony Snicket,118600000.0
89,Sandra Bullock,2602800000.0,36,$72.3,Minions,336000000.0
90,Billy Burke,1766500000.0,16,$110.4,The Twilight Saga: Eclipse,300500000.0
91,Edward Burns,370300000.0,13,$28.5,Saving Private Ryan,216500000.0
92,Ty Burrell,444900000.0,10,$44.5,The Incredible Hulk,134800000.0
93,Gerard Butler,1655200000.0,32,$51.7,How to Train Your Dragon,217600000.0
94,Amanda Bynes,435600000.0,7,$62.2,Robots,128199999.99999999
95,Rose Byrne,1641100000.0,28,$58.6,Bridesmaids,169100000.0
96,Nicolas Cage,2408300000.0,58,$41.5,National Treasure: Book of Secrets,220000000.0
97,Michael Caine,3440100000.0,61,$56.4,The Dark Knight,535200000.00000006
98,Neve Campbell,501200000.0,13,$38.6,Scream,103000000.0
99,Steve Carell,3054100000.0,32,$95.4,Despicable Me 2,368100000.0
100,Jim Carrey,2545400000.0,28,$90.9,The Grinch,260000000.0
101,Helena Bonham Carter,2966700000.0,38,$78.1,Harry Potter / Deathly Hallows (P2),381200000.0
102,Dana Carvey,241600000.0,7,$34.5,Wayne's World,121700000.0
103,Katie Cassidy,150400000.0,4,$37.6,Nightmare on Elm Street,63100000.0
104,James Caviezel,748500000.0,22,$34.0,Passion of the Christ,370800000.0
105,Henry Cavill,1317400000.0,12,$109.8,Batman v Superman,330400000.0
106,Cedric the Entertainer,1512700000.0,29,$52.2,Madagascar 3,216400000.0
107,John Cena,606300000.0,10,$60.6,Bumblebee,127200000.0
108,Michael Cera,797500000.0,18,$44.3,The LEGO Batman Movie,175800000.0
109,Jackie Chan,1738500000.0,33,$52.7,Rush Hour 2,226200000.0
110,Jay Chandrasekhar,30700000.0,2,$15.3,Super Troopers 2,30600000.0
111,Jessica Chastain,1190100000.0,21,$56.7,The Martian,228400000.0
112,Don Cheadle,4016700000.0,36,$111.6,Avengers: Infinity War,678800000.0
113,Cher,493700000.0,12,$41.1,Mamma Mia 2,120600000.0
114,Morris Chestnut,648400000.0,15,$43.2,Identity Thief,134500000.0
115,Jay Chou,105300000.0,2,$52.7,The Green Hornet,98800000.0
116,Erika Christensen,203500000.0,11,$18.5,Flightplan,89700000.0
117,Hayden Christensen,868700000.0,11,$79.0,Revenge of the Sith,380300000.0
118,Jamie Chung,570900000.0,9,$63.4,The Hangover Part II,254500000.0
119,Thomas Haden Church,1176100000.0,19,$61.9,Spider-Man 3,336500000.0
120,Jemaine Clement,745100000.0,15,$49.7,Moana,248800000.0
121,George Clooney,2078800000.0000002,34,$61.1,Gravity,274100000.0
122,Glenn Close,1388300000.0,34,$40.8,Guardians of the Galaxy,333200000.0
123,Sacha Baron Cohen,1345900000.0,12,$112.2,Madagascar 3,216400000.0
124,Toni Collette,1016900000.0,40,$25.4,Sixth Sense,293500000.0
125,Lily Collins,413100000.0,9,$45.9,The Blind Side,256000000.0
126,Sean 'P. Diddy' Combs,126400000.0,4,$31.6,Get Him to the Greek,61000000.0
127,Common,1421800000.0,25,$56.9,Suicide Squad,325100000.0
128,Jennifer Connelly,1032900000.0000001,34,$30.4,A Beautiful Mind,170700000.0
129,Sean Connery,1550600000.0,37,$41.9,Indiana Jones and the Last Crusade,197200000.0
130,Steve Coogan,1996200000.0,29,$68.8,Despicable Me 2,368100000.0
131,Sophie Cookson,276900000.0,3,$92.3,Kingsman,128300000.00000001
132,Jennifer Coolidge,551600000.0,14,$39.4,Legally Blonde,96500000.0
133,Bradley Cooper,4397800000.0,30,$146.6,Avengers: Infinity War,678800000.0
134,Chris Cooper,1671000000.0,35,$47.7,The Amazing Spider-Man 2,202900000.0
135,Dominic Cooper,684200000.0,20,$34.2,Captain America,176700000.0
136,Sharlto Copley,573300000.0,10,$57.3,Maleficent,241400000.0
137,Sofia Coppola,66700000.0,1,$66.7,The Godfather Part III,66700000.0
138,John Corbett,591700000.0,13,$45.5,My Big Fat Greek Wedding,241400000.0
139,Abbie Cornish,339500000.0,14,$24.2,Limitless,79200000.0
140,Kevin Costner,2124800000.0000002,39,$54.5,Man of Steel,291000000.0
141,Marion Cotillard,1183300000.0,20,$59.2,The Dark Knight Rises,448100000.0
142,Jai Courtney,983100000.0,12,$81.9,Suicide Squad,325100000.0
143,Brian Cox,1807100000.0,47,$38.4,X2: X-Men United,214900000.0
144,Courteney Cox,579500000.0,14,$41.4,Bedtime Stories,110100000.0
145,Tony Cox,546900000.0,10,$54.7,Oz The Great and Powerful,234900000.0
146,Daniel Craig,1586500000.0,26,$61.0,Skyfall,304400000.0
147,Bryan Cranston,1341500000.0,22,$61.0,Madagascar 3,216400000.0
148,Chace Crawford,78400000.0,6,$13.1,What to Expect When You're Expecting,41200000.0
149,Amanda Crew,177800000.0,8,$22.2,The Haunting in Connecticut,55400000.0
150,Russell Crowe,1804500000.0,34,$53.1,Man of Steel,291000000.0
151,Billy Crudup,968300000.0,27,$35.9,Justice League,229000000.0
152,Tom Cruise,3997600000.0,40,$99.9,War of the Worlds,234300000.0
153,Penelope Cruz,923100000.0,38,$24.3,Pirates of the Caribbean 4,241100000.0
154,Billy Crystal,1358600000.0,19,$71.5,"Monsters, Inc.",289900000.0
155,Ice Cube,1554000000.0,32,$48.6,22 Jump Street,191700000.0
156,Macaulay Culkin,712800000.0,11,$64.8,Home Alone,285800000.0
157,Rory Culkin,290200000.0,13,$22.3,Signs,228000000.0
158,Benedict Cumberbatch,3179400000.0,21,$151.4,Avengers: Infinity War,678800000.0
159,Kaley Cuoco,258399999.99999997,4,$64.6,Hop,108100000.0
160,Jamie Lee Curtis,1223800000.0,35,$35.0,Halloween (2018),159300000.0
161,John Cusack,1157700000.0,50,$23.2,2012,166100000.0
162,Miley Cyrus,321900000.0,4,$80.5,Bolt,114100000.0
163,Willem Dafoe,2091300000.0000002,59,$35.4,Spider-Man,403700000.0
164,Matt Damon,3190000000.0,42,$76.0,The Martian,228400000.0
165,Claire Danes,552900000.0,24,$23.0,Terminator 3,150400000.0
166,Anthony Daniels,4040900000.0,9,$449.0,Star Wars: The Force Awakens,936700000.0
167,Paul Dano,601600000.0,26,$23.1,Cowboys & Aliens,100200000.0
168,Alexa Davalos,278700000.0,5,$55.7,Clash of the Titans,163200000.0
169,Jack Davenport,1168000000.0,9,$129.8,Dead Man's Chest,423300000.0
170,Viola Davis,1358300000.0,26,$52.2,Suicide Squad,325100000.0
171,Rosario Dawson,1128100000.0,41,$27.5,Men in Black II,190400000.0
172,Charlie Day,813800000.0,11,$74.0,The LEGO Movie,257800000.0
173,Daniel Day-Lewis,544800000.0,16,$34.0,Lincoln,182200000.0
174,Brian De Palma,165000.0,1,$165k,De Palma,165000.0
175,Emilie de Ravin,64000000.0,4,$16.0,The Hills Have Eyes,41800000.0
176,Elizabeth Debicki,782300000.0,8,$97.8,Guardians of the Galaxy 2,389800000.0
177,Brooklyn Decker,209900000.0,5,$42.0,Just Go With It,103000000.0
178,Ellen DeGeneres,912600000.0,6,$152.1,Finding Dory,486300000.0
179,Dane DeHaan,346800000.0,11,$31.5,The Amazing Spider-Man 2,202900000.0
180,Thomas Dekker,112400000.0,5,$22.5,Nightmare on Elm Street,63100000.0
181,Benicio Del Toro,2297600000.0,34,$67.6,Avengers: Infinity War,678800000.0
182,Cara Delevingne,401200000.0,6,$66.9,Suicide Squad,325100000.0
183,Julie Delpy,80500000.0,16,$5.0,American Werewolf in Paris,26600000.0
184,Judi Dench,1953200000.0,37,$52.8,Skyfall,304400000.0
185,Robert DeNiro,3233700000.0,81,$39.9,Meet the Fockers,279300000.0
186,Kat Dennings,672200000.0,11,$61.1,Thor: The Dark World,206400000.0
187,Johnny Depp,3846800000.0,49,$78.5,Dead Man's Chest,423300000.0
188,Eugenio Derbez,424100000.0,11,$38.6,Beverly Hills Chihuahua,94500000.0
189,Zooey Deschanel,951700000.0,26,$36.6,Elf,173800000.0
190,Adam DeVine,359400000.0,4,$89.8,Pitch Perfect 2,184300000.0
191,Danny DeVito,2020300000.0,48,$42.1,The Lorax,214000000.0
192,Jenna Dewan-Tatum,100500000.0,4,$25.1,Step Up,65300000.0
193,Rosemarie DeWitt,164500000.0,15,$11.0,The Odd Life of Timothy Green,51900000.0
194,Prabhu Dheva,892000.0,1,$892k,ABCD (Any Body Can Dance) 2,892000.0
195,Cameron Diaz,3031700000.0,34,$89.2,Shrek 2,441200000.0
196,Leonardo DiCaprio,2519000000.0,25,$100.8,Titanic,659400000.0
197,Vin Diesel,3492800000.0,23,$151.9,Avengers: Infinity War,678800000.0
198,Matt Dillon,856300000.0,42,$20.4,Something About Mary,176500000.0
199,Snoop Dogg,284900000.0,9,$31.7,Starsky and Hutch,88200000.0
200,Martin Donovan,186200000.0,21,$8.9,Insomnia,67400000.0
201,Portia Doubleday,88600000.0,4,$22.2,"Big Mommas: Like Father, Like Son",37900000.0
202,Michael Douglas,1993500000.0,37,$53.9,Ant-Man and the Wasp,216600000.0
203,"Robert Downey, Jr.",5412800000.0,56,$96.7,Avengers: Infinity War,678800000.0
204,Adam Driver,1693100000.0,12,$141.1,Star Wars: The Force Awakens,936700000.0
205,David Duchovny,285600000.0,19,$15.0,X-Files,83900000.0
206,Hilary Duff,402300000.0,10,$40.2,Cheaper by the Dozen,138600000.0
207,Josh Duhamel,1507100000.0,15,$100.5,Transformers 2,402100000.0
208,Clark Duke,466900000.0,10,$46.7,The Croods,187200000.0
209,Michael Clarke Duncan,1201700000.0,21,$57.2,Armageddon,201600000.0
210,Kirsten Dunst,1940700000.0,34,$57.1,Spider-Man,403700000.0
211,Jay Duplass,8100000.0,3,$2.7,Beatriz At Dinner,7100000.0
212,Mark Duplass,124200000.0,6,$20.7,Tammy,84500000.0
213,Robert Duvall,1857400000.0,57,$32.6,Deep Impact,140500000.0
214,Michael Ealy,645600000.0,13,$49.7,Think Like a Man,91500000.0
215,Clint Eastwood,1814700000.0,47,$38.6,Gran Torino,148100000.0
216,Aaron Eckhart,1450500000.0,31,$46.8,The Dark Knight,535200000.00000006
217,Zac Efron,1210900000.0,22,$55.0,The Lorax,214000000.0
218,Taron Egerton,549200000.0,8,$68.7,Sing,270400000.0
219,Colin Egglesfield,39100000.0,2,$19.6,Something Borrowed,39000000.0
220,Jesse Eisenberg,1222100000.0,28,$43.6,Batman v Superman,330400000.0
221,Chiwetel Ejiofor,1170900000.0,21,$55.8,Doctor Strange,232600000.0
222,Idris Elba,3688300000.0,32,$115.3,Avengers: Infinity War,678800000.0
223,Ansel Elgort,616000000.0,8,$77.0,Divergent,150900000.0
224,Sam Elliott,934100000.0,24,$38.9,A Star is Born,215300000.0
225,Cary Elwes,1297800000.0,30,$43.3,Twister,241700000.0
226,Mireille Enos,263300000.0,3,$87.8,World War Z,202400000.0
227,Omar Epps,404800000.0,17,$23.8,Scream 2,101400000.0
228,Chris Evans,3613800000.0,26,$139.0,Avengers: Infinity War,678800000.0
229,Luke Evans,1509800000.0,14,$107.8,Beauty and the Beast,504000000.0
230,Alice Eve,571500000.0,17,$33.6,Star Trek Into Darkness,228800000.0
231,Dakota Fanning,1548500000.0,25,$61.9,The Twilight Saga: Eclipse,300500000.0
232,Elle Fanning,687100000.0,21,$32.7,Maleficent,241400000.0
233,Anna Faris,1566800000.0,23,$68.1,Alvin and the Chipmunks 2,219600000.0
234,Chris Farley,129699999.99999999,6,$21.6,Tommy Boy,32700000.000000004
235,Vera Farmiga,822000000.0,27,$30.4,The Conjuring,137400000.0
236,Colin Farrell,1514400000.0,38,$39.9,Fantastic Beasts and Where To Find Them,234000000.0
237,Michael Fassbender,1286400000.0,27,$47.6,X-Men: Days of Future Past,233900000.0
238,Jon Favreau,1893300000.0,20,$94.7,Iron Man 3,409000000.0
239,Rebecca Ferguson,818700000.0,9,$91.0,Mission: Impossible 6,220200000.0
240,Shiloh Fernandez,102500000.0,7,$14.6,Evil Dead (2013),54200000.0
241,Will Ferrell,2433300000.0,35,$69.5,The LEGO Movie,257800000.0
242,America Ferrera,734300000.0,15,$49.0,How to Train Your Dragon,217600000.0
243,Tina Fey,641500000.0,11,$58.3,Megamind,148400000.0
244,Sally Field,2075600000.0,28,$74.1,Forrest Gump,330300000.0
245,Ralph Fiennes,2935200000.0,39,$75.3,Harry Potter / Deathly Hallows (P2),381200000.0
246,Jessica Brown Findlay,18400000.0,2,$9.2,Winter's Tale,12600000.0
247,Colin Firth,1522200000.0,38,$40.1,Mary Poppins Returns,172000000.0
248,Jenna Fischer,226200000.0,10,$22.6,Blades of Glory,118600000.0
249,Laurence Fishburne,2732100000.0,41,$66.6,Batman v Superman,330400000.0
250,Carrie Fisher,2890600000.0,19,$152.1,Star Wars: The Force Awakens,936700000.0
251,Isla Fisher,1138200000.0,19,$59.9,Wedding Crashers,209300000.0
252,Dan Fogler,749000000.0,13,$57.6,Fantastic Beasts and Where To Find Them,234000000.0
253,Jane Fonda,531600000.0,11,$48.3,On Golden Pond,119300000.0
254,Harrison Ford,4963800000.0,42,$118.2,Star Wars: The Force Awakens,936700000.0
255,Will Forte,546000000.0,14,$39.0,The LEGO Movie,257800000.0
256,Ben Foster,545000000.0,24,$22.7,Lone Survivor,125100000.0
257,Jodie Foster,1058500000.0,27,$39.2,Silence of the Lambs,130699999.99999999
258,Megan Fox,1098900000.0,10,$109.9,Transformers 2,402100000.0
259,Jamie Foxx,2184800000.0,32,$68.3,The Amazing Spider-Man 2,202900000.0
260,Claire Foy,100600000.0,6,$16.8,First Man,44900000.0
261,Cecile de France,67400000.0,10,$6.7,Hereafter,32700000.000000004
262,Dave Franco,941300000.0,12,$78.4,The LEGO Movie,257800000.0
263,James Franco,2288900000.0,43,$53.2,Spider-Man,403700000.0
264,Brendan Fraser,1105600000.0,29,$38.1,Mummy Returns,202000000.0
265,Martin Freeman,2129800000.0000002,14,$152.1,Black Panther,700100000.0
266,Morgan Freeman,4577400000.0,64,$71.5,The Dark Knight,535200000.00000006
267,Anna Friel,169400000.0,11,$15.4,Limitless,79200000.0
268,Nick Frost,466600000.0,13,$35.9,Snow White and the Huntsman,155300000.0
269,Josh Gad,1487400000.0,15,$99.2,Beauty and the Beast,504000000.0
270,Gal Gadot,1994000000.0,12,$166.2,Wonder Woman,412600000.0
271,Zach Galifianakis,1658800000.0,22,$75.4,The Hangover,277300000.0
272,Kyle Gallner,596000000.0,14,$42.6,American Sniper,350100000.0
273,Vincent Gallo,5100000.0,8,$635k,Buffalo '66,2400000.0
274,James Gandolfini,578200000.0,28,$20.6,Crimson Tide,91400000.0
275,Romola Garai,134400000.0,11,$12.2,Atonement,50900000.0
276,Andrew Garfield,663500000.0,13,$51.0,The Amazing Spider-Man,262000000.0
277,James Garner,481500000.0,13,$37.0,Maverick,101600000.0
278,Jennifer Garner,1122100000.0,26,$43.2,Juno,143500000.0
279,Sarah Michelle Gellar,627800000.0,13,$48.3,Scooby-Doo,153300000.0
280,Richard Gere,1413900000.0,44,$32.1,Pretty Woman,178400000.0
281,Ricky Gervais,764600000.0,10,$76.5,Night at the Museum,250900000.0
282,Greta Gerwig,188200000.0,18,$10.5,No Strings Attached,70700000.0
283,Paul Giamatti,1905200000.0,47,$40.5,The Hangover Part II,254500000.0
284,Mel Gibson,2217900000.0,35,$63.4,Signs,228000000.0
285,Tyrese Gibson,2565900000.0,17,$150.9,Transformers 2,402100000.0
286,Cam Gigandet,534100000.0,12,$44.5,Twilight,192800000.0
287,Karen Gillan,2377200000.0,10,$237.7,Avengers: Infinity War,678800000.0
288,Terry Gilliam,20200.0,1,$20.2k,Absolutely Anything,20200.0
289,Brendan Gleeson,1879600000.0,46,$40.9,Harry Potter / Goblet of Fire,290200000.0
290,Danny Glover,1615400000.0,46,$35.1,2012,166100000.0
291,Donald Glover,1027400000.0000001,9,$114.2,Spider-Man: Homecoming,334200000.0
292,Jeff Goldblum,2423100000.0,31,$78.2,Jurassic World 2,417700000.0
293,Bobcat Goldthwait,1500.0,1,$1.5k,Henchmen,1500.0
294,Selena Gomez,559600000.0,8,$69.9,Hotel Transylvania 2,169700000.0
295,Matthew Goode,305900000.0,13,$23.5,Watchmen,107500000.0
296,"Cuba Gooding, Jr.",1335000000.0,28,$47.7,Pearl Harbor,198500000.0
297,John Goodman,2237400000.0,41,$54.6,"Monsters, Inc.",289900000.0
298,Ginnifer Goodwin,657300000.0,9,$73.0,Zootopia,341300000.0
299,Keith Gordon,91300000.0,1,$91.3,Back to School,91300000.0
300,Zachary Gordon,165700000.0,3,$55.2,Diary of a Wimpy Kid,64000000.0
301,Joseph Gordon-Levitt,1578600000.0,34,$46.4,The Dark Knight Rises,448100000.0
302,Ryan Gosling,798900000.0,23,$34.7,La La Land,151100000.0
303,Topher Grace,874100000.0,16,$54.6,Spider-Man 3,336500000.0
304,Kelsey Grammer,684200000.0,12,$57.0,Transformers 4,245400000.0
305,Hugh Grant,971400000.0,29,$33.5,Notting Hill,116100000.0
306,Eva Green,683000000.0,13,$52.5,Casino Royale,167400000.0
307,Seth Green,962800000.0,20,$48.1,Goldmember,213300000.0
308,Ashley Greene,1368800000.0,11,$124.4,The Twilight Saga: Eclipse,300500000.0
309,Clark Gregg,2025700000.0,17,$119.2,The Avengers,623400000.0
310,Frank Grillo,1304500000.0,17,$76.7,Captain America 3,408100000.0
311,Rupert Grint,2392000000.0,13,$184.0,Harry Potter / Deathly Hallows (P2),381200000.0
312,Ioan Gruffudd,631300000.0,15,$42.1,San Andreas,155200000.0
313,Christopher Guest,182800000.0,2,$91.4,Night at the Museum II,177200000.0
314,Carla Gugino,1419100000.0,26,$54.6,Night at the Museum,250900000.0
315,Ryan Guzman,85400000.0,4,$21.4,The Boy Next Door,35400000.0
316,Jake Gyllenhaal,937300000.0,29,$32.3,The Day After Tomorrow,186700000.0
317,Maggie Gyllenhaal,977300000.0,26,$37.6,The Dark Knight,535200000.00000006
318,Lukas Haas,488200000.0,24,$20.3,The Revenant,183600000.0
319,Tiffany Haddish,431700000.0,9,$48.0,Girls Trip,115200000.0
320,Corey Haim,141100000.0,10,$14.1,The Lost Boys,32200000.000000004
321,Jackie Earle Haley,725200000.0,17,$42.7,Shutter Island,128000000.0
322,Rebecca Hall,735300000.0,20,$36.8,Iron Man 3,409000000.0
323,Regina Hall,1126700000.0,21,$53.7,Scary Movie,157000000.0
324,Mark Hamill,2797100000.0,13,$215.2,Star Wars: The Force Awakens,936700000.0
325,Linda Hamilton,332300000.0,6,$55.4,Terminator 2,205900000.0
326,Jon Hamm,868100000.0,17,$51.1,Minions,336000000.0
327,Armie Hammer,585600000.0,15,$39.0,Cars 3,152900000.0
328,Tom Hanks,4606800000.0,48,$96.0,Toy Story 3,415000000.0
329,Tom Hardy,1678800000.0,20,$83.9,The Dark Knight Rises,448100000.0
330,Woody Harrelson,3479300000.0,59,$59.0,Catching Fire,424700000.0
331,Ed Harris,1793000000.0,51,$35.2,National Treasure: Book of Secrets,220000000.0
332,Jamie Harris,314400000.0,7,$44.9,Rise of the Planet of the Apes,176800000.0
333,Jared Harris,851500000.0,27,$31.5,Sherlock Holmes 2,186800000.0
334,Naomie Harris,1664000000.0,19,$87.6,Dead Man's Chest,423300000.0
335,Neil Patrick Harris,836000000.0,15,$55.7,Gone Girl,167800000.0
336,Kevin Hart,2107800000.0000002,25,$84.3,Jumanji (2017),404600000.0
337,Josh Hartnett,679100000.0,21,$32.3,Pearl Harbor,198500000.0
338,Anne Hathaway,2568300000.0,28,$91.7,The Dark Knight Rises,448100000.0
339,Rutger Hauer,295300000.0,29,$10.2,Sin City,74100000.0
340,Ethan Hawke,839700000.0,52,$16.1,Dead Poets Society,95900000.0
341,Sally Hawkins,447600000.0,18,$24.9,Godzilla,200700000.0
342,Goldie Hawn,711200000.0,19,$37.4,First Wives Club,105500000.0
343,Salma Hayek,1092800000.0,23,$47.5,Grown Ups,162000000.0
344,Lena Headey,577200000.0,23,$25.1,300,210600000.0
345,Amber Heard,854700000.0,18,$47.5,Aquaman,335100000.0
346,Jon Heder,348200000.0,10,$34.8,Blades of Glory,118600000.0
347,Garrett Hedlund,598200000.0,13,$46.0,Tron Legacy,172100000.0
348,Katherine Heigl,785400000.0,18,$43.6,Knocked Up,148800000.0
349,Ed Helms,1301700000.0,17,$76.6,The Hangover,277300000.0
350,Chris Hemsworth,3533000000.0,20,$176.7,Avengers: Infinity War,678800000.0
351,Liam Hemsworth,1792000000.0,11,$162.9,Catching Fire,424700000.0
352,Lance Henriksen,548400000.0,24,$22.9,Scream 3,89100000.0
353,Taraji P. Henson,1424500000.0,25,$57.0,Wreck-It Ralph 2,201100000.0
354,Katharine Hepburn,194600000.0,5,$38.9,On Golden Pond,119300000.0
355,Werner Herzog,80400000.0,4,$20.1,Jack Reacher,80100000.0
356,Grant Heslov,67099999.99999999,1,$67.1,Dante's Peak,67099999.99999999
357,Jennifer Love Hewitt,333600000.0,12,$27.8,Garfield,75400000.0
358,Tom Hiddleston,2806100000.0,17,$165.1,Avengers: Infinity War,678800000.0
359,Freddie Highmore,404700000.0,10,$40.5,Charlie and the Chocolate Factory,206500000.0
360,Jonah Hill,2887000000.0,32,$90.2,The LEGO Movie,257800000.0
361,Kristofer Hivju,304900000.0,5,$61.0,Fate of the Furious,226000000.0
362,Dustin Hoffman,2522100000.0,43,$58.7,Meet the Fockers,279300000.0
363,Philip Seymour Hoffman,2464300000.0,40,$61.6,Catching Fire,424700000.0
364,Boyd Holbrook,335400000.0,6,$55.9,Logan,226300000.0
365,Tom Holland,1946700000.0,9,$216.3,Avengers: Infinity War,678800000.0
366,Ian Holm,1307600000.0,30,$43.6,Return of the King,377800000.0
367,Katie Holmes,601500000.0,23,$26.2,Batman Begins,206900000.0
368,Anthony Hopkins,2480800000.0,57,$43.5,Thor: Ragnarok,315100000.0
369,Cody Horn,154900000.0,4,$38.7,Magic Mike,113700000.0
370,Thomas Horn,31800000.0,1,$31.8,Extremely Loud & Incredibly Close,31800000.0
371,Adam Horowitz,41900.0,1,$41.9k,Golden Exits,41900.0
372,Julianne Hough,236800000.0,6,$39.5,Safe Haven,71300000.0
373,Nicholas Hoult,887600000.0,14,$63.4,X-Men: Days of Future Past,233900000.0
374,Djimon Hounsou,2231700000.0,23,$97.0,Captain Marvel,416000000.0
375,Whitney Houston,264600000.00000003,5,$52.9,Bodyguard,122000000.0
376,Bryce Dallas Howard,2009300000.0,12,$167.4,Jurassic World,652300000.0
377,Ron Howard,139100000.0,4,$34.8,American Graffiti,115000000.0
378,Terrence Howard,1399000000.0,34,$41.1,Iron Man,318400000.0
379,Vanessa Hudgens,333500000.0,11,$30.3,Journey 2,103900000.0
380,Kate Hudson,828100000.0,27,$30.7,Kung Fu Panda 3,143500000.0
381,Bonnie Hunt,1741700000.0,19,$91.7,Zootopia,341300000.0
382,Helen Hunt,1007100000.0,21,$48.0,Twister,241700000.0
383,Holly Hunter,1738600000.0,30,$58.0,Incredibles 2,608600000.0
384,Rosie Huntington-Whiteley,506400000.0,2,$253.2,Transformers 3,352400000.0
385,William Hurt,2049500000.0,32,$64.0,Avengers: Infinity War,678800000.0
386,Josh Hutcherson,2115800000.0000002,18,$117.5,Catching Fire,424700000.0
387,Rhys Ifans,700200000.0,28,$25.0,The Amazing Spider-Man,262000000.0
388,Dustin Ingram,104100000.0,2,$52.0,Paranormal Activity 3,104000000.0
389,Jeremy Irons,1523000000.0,30,$50.8,Lion King,422800000.0
390,Max Irons,98200000.0,5,$19.6,Red Riding Hood,37700000.0
391,Oscar Isaac,2024800000.0,22,$92.0,Star Wars: The Force Awakens,936700000.0
392,Tony Jaa,414900000.0,10,$41.5,Furious 7,353000000.0
393,Hugh Jackman,2707600000.0,29,$93.4,X-Men: The Last Stand,234400000.0
394,Brandon T. Jackson,407900000.0,8,$51.0,Tropic Thunder,110500000.0
395,Quinton 'Rampage' Jackson,77300000.0,3,$25.8,The A-Team,77200000.0
396,Samuel L. Jackson,6687500000.0,77,$86.9,The Avengers,623400000.0
397,Kevin James,1557500000.0,14,$111.2,Hitch,179500000.0
398,Theo James,440200000.0,6,$73.4,Divergent,150900000.0
399,Thomas Jane,266000000.0,19,$14.0,Deep Blue Sea,73600000.0
400,Allison Janney,1278100000.0,22,$58.1,Minions,336000000.0
401,Famke Janssen,1428600000.0,31,$46.1,X-Men: The Last Stand,234400000.0
402,Jim Jarmusch,1300000.0,1,$1.3,Blue in the Face,1300000.0
403,Scarlett Johansson,4838100000.0,43,$112.5,Avengers: Infinity War,678800000.0
404,Aaron Johnson,874300000.0,12,$72.9,Avengers: Age of Ultron,459000000.0
405,Dakota Johnson,556500000.0,9,$61.8,Fifty Shades of Grey,166200000.0
406,Dwayne Johnson,3404600000.0,30,$113.5,Jumanji (2017),404600000.0
407,Jake Johnson,1001300000.0,10,$100.1,Jurassic World,652300000.0
408,Angelina Jolie,2179500000.0,32,$68.1,Maleficent,241400000.0
409,Nick Jonas,404600000.0,2,$202.3,Jumanji (2017),404600000.0
410,Felicity Jones,647300000.0,15,$43.2,Rogue One,532200000.00000006
411,January Jones,378100000.0,9,$42.0,X-Men: First Class,146400000.0
412,Rashida Jones,628500000.0,12,$52.4,The Grinch,270600000.0
413,Tommy Lee Jones,2699200000.0,48,$56.2,Men in Black,250700000.0
414,Michael B. Jordan,1088400000.0,7,$155.5,Black Panther,700100000.0
415,Seu Jorge,36100000.0,7,$5.2,The Life Aquatic,24000000.0
416,Milla Jovovich,552800000.0,27,$20.5,Fifth Element,63800000.0
417,Ashley Judd,1086200000.0,29,$37.5,Divergent,150900000.0
418,Miranda July,4600000.0,3,$1.5,Me and You and Everyone We Know,3900000.0
419,Mindy Kaling,711600000.0,5,$142.3,Inside Out,356500000.0
420,Philip Kaufman,163200000.0,8,$20.4,Rising Sun,63200000.0
421,Zoe Kazan,240100000.0,16,$15.0,It's Complicated,112700000.0
422,Diane Keaton,1307800000.0,38,$34.4,The Godfather,135000000.0
423,Michael Keaton,2618100000.0,39,$67.1,Toy Story 3,415000000.0
424,Minka Kelly,38400000.0,2,$19.2,The Roommate,37300000.0
425,Alex Kendrick,78200000.0,3,$26.1,Courageous,34500000.0
426,Anna Kendrick,1123300000.0,24,$46.8,Pitch Perfect 2,184300000.0
427,Irrfan Khan,1221500000.0,9,$135.7,Jurassic World,652300000.0
428,Nicole Kidman,2182600000.0,52,$42.0,Aquaman,335100000.0
429,Val Kilmer,1041300000.0,35,$29.8,Batman Forever,184000000.0
430,Joey King,752800000.0,12,$62.7,Oz The Great and Powerful,234900000.0
431,Ben Kingsley,2084500000.0,53,$39.3,Iron Man 3,409000000.0
432,Greg Kinnear,1154500000.0,36,$32.1,As Good as It Gets,148500000.0
433,Rory Kinnear,168500000.0,3,$56.2,Quantum of Solace,168400000.0
434,Taylor Kitsch,606300000.0,10,$60.6,X-Men Origins: Wolverine,179900000.0
435,Chris Klein,481600000.0,14,$34.4,American Pie 2,145100000.0
436,Kevin Kline,1496000000.0,40,$37.4,Beauty and the Beast,504000000.0
437,Keira Knightley,1626300000.0,28,$58.1,Dead Man's Chest,423300000.0
438,Beyonce Knowles,613100000.0,7,$87.6,Goldmember,213300000.0
439,Johnny Knoxville,936200000.0,18,$52.0,Ninja Turtles,191200000.0
440,Boris Kodjoe,370800000.0,9,$41.2,Ferdinand,84400000.0
441,John Krasinski,603300000.0,19,$31.8,A Quiet Place,188000000.0
442,Peter Krause,155600000.0,4,$38.9,Truman Show,125600000.0
443,Lenny Kravitz,996900000.0,4,$249.2,Catching Fire,424700000.0
444,Lisa Kudrow,688400000.0,21,$32.8,The Boss Baby,175000000.0
445,Mila Kunis,1249100000.0,20,$62.5,Oz The Great and Powerful,234900000.0
446,Olga Kurylenko,404500000.0,15,$27.0,Quantum of Solace,168400000.0
447,Ashton Kutcher,957400000.0,20,$47.9,Cheaper by the Dozen,138600000.0
448,Shia LaBeouf,2129400000.0,22,$96.8,Transformers 2,402100000.0
449,Diane Lane,2027800000.0,43,$47.2,Inside Out,356500000.0
450,Jessica Lange,410900000.0,13,$31.6,Tootsie,177200000.0
451,Frank Langella,679500000.0,32,$21.2,Superman Returns,200100000.0
452,Larry the Cable Guy,617000000.0,7,$88.1,Cars,244100000.0
453,Brie Larson,1377900000.0,11,$125.3,Avengers: Endgame,452400000.0
454,Ali Larter,552700000.0,12,$46.1,Legally Blonde,96500000.0
455,Sanaa Lathan,488800000.0,15,$32.6,Alien Vs. Predator,80300000.0
456,Queen Latifah,2049900000.0,31,$66.1,Ice Age 3,196600000.0
457,Melanie Laurent,263399999.99999997,8,$32.9,Inglourious Basterds,120500000.0
458,Hugh Laurie,890300000.0,17,$52.4,Monsters Vs. Aliens,198400000.0
459,Taylor Lautner,1482200000.0,8,$185.3,The Twilight Saga: Eclipse,300500000.0
460,Jude Law,2247400000.0,43,$52.3,Captain Marvel,416000000.0
461,Jennifer Lawrence,2533600000.0,20,$126.7,Catching Fire,424700000.0
462,Martin Lawrence,1294400000.0,25,$51.8,Wild Hogs,168300000.0
463,Sharon Leal,297300000.0,7,$42.5,Dreamgirls,103400000.0
464,Matt LeBlanc,73600000.0,3,$24.5,Lost in Space,69100000.0
465,Heath Ledger,955900000.0,15,$63.7,The Dark Knight,535200000.00000006
466,Christopher Lee,1666400000.0,8,$208.3,Revenge of the Sith,380300000.0
467,John Leguizamo,1982000000.0,53,$37.4,Ice Age 3,196600000.0
468,Melissa Leo,880300000.0,32,$27.5,The Equalizer 2,102100000.0
469,Tea Leoni,730200000.0,13,$56.2,Jurassic Park III,181200000.0
470,Logan Lerman,510000000.0,15,$34.0,Noah,101200000.0
471,Jared Leto,631100000.0,12,$52.6,Suicide Squad,325100000.0
472,Tracy Letts,138300000.0,7,$19.8,The Post,81900000.0
473,Zachary Levi,829500000.0,7,$118.5,Alvin and the Chipmunks 2,219600000.0
474,Jet Li,822200000.0,18,$45.7,Lethal Weapon 4,130400000.0
475,Matthew Lillard,716700000.0,25,$28.7,Scooby-Doo,153300000.0
476,Evangeline Lilly,1448200000.0,6,$241.4,Avengers: Endgame,452400000.0
477,Laura Linney,979300000.0,37,$26.5,Truman Show,125600000.0
478,Lucy Liu,1038300000.0,18,$57.7,Kung Fu Panda,215400000.0
479,Blake Lively,538600000.0,12,$44.9,Green Lantern,116600000.0
480,Ron Livingston,485800000.0,28,$17.3,The Conjuring,137400000.0
481,Lindsay Lohan,492400000.0,15,$32.8,Freaky Friday,110200000.0
482,Justin Long,1541000000.0,35,$44.0,Alvin and the Chipmunks 2,219600000.0
483,Nia Long,796500000.0,22,$36.2,Big Momma's House,117600000.0
484,Jennifer Lopez,1293700000.0,28,$46.2,Home,177400000.0
485,Rob Lowe,703600000.0,25,$28.1,The Spy Who Shagged Me,206000000.0
486,Jessica Lucas,229300000.0,5,$45.9,Cloverfield,80000000.0
487,Josh Lucas,791100000.0,24,$33.0,A Beautiful Mind,170700000.0
488,Derek Luke,582800000.0,17,$34.3,Captain America,176700000.0
489,Diego Luna,901900000.0,16,$56.4,Rogue One,532200000.00000006
490,Kellan Lutz,1537400000.0,17,$90.4,The Twilight Saga: Eclipse,300500000.0
491,David Lynch,956000.0,1,$956k,Lucky (2017),956000.0
492,Bernie Mac,989600000.0,14,$70.7,Ocean's Eleven,183400000.0
493,Seth MacFarlane,777600000.0,7,$111.1,Sing,270400000.0
494,Anthony Mackie,3045100000.0,37,$82.3,Avengers: Infinity War,678800000.0
495,William H. Macy,1246200000.0,39,$32.0,Jurassic Park III,181200000.0
496,Madonna,349300000.0,14,$24.9,League of Their Own,107500000.0
497,Virginia Madsen,476000000.0,31,$15.4,Sideways,71500000.0
498,Tobey Maguire,1537500000.0,14,$109.8,Spider-Man,403700000.0
499,John Malkovich,1585700000.0,51,$31.1,Transformers 3,352400000.0
500,Jena Malone,1321400000.0,24,$55.1,Catching Fire,424700000.0
501,Leslie Mann,1545800000.0,27,$57.3,Big Daddy,163500000.0
502,Thomas Mann,307400000.0,7,$43.9,Kong: Skull Island,168100000.0
503,Kate Mara,468200000.0,15,$31.2,The Martian,228400000.0
504,Rooney Mara,487300000.0,21,$23.2,Girl with the Dragon Tattoo,102500000.0
505,Brit Marling,17500000.0,8,$2.2,Arbitrage,7900000.0
506,James Marsden,1845400000.0,35,$52.7,X-Men: The Last Stand,234400000.0
507,Garry Marshall,67200000.0,1,$67.2,Race to Witch Mountain,67200000.0
508,Demetri Martin,17600000.0,4,$4.4,Taking Woodstock,7500000.0
509,Steve Martin,1786000000.0,37,$48.3,Home,177400000.0
510,Peter Mayhew,1997400000.0,4,$499.4,Star Wars: The Force Awakens,936700000.0
511,Rachel McAdams,1697400000.0,26,$65.3,Doctor Strange,232600000.0
512,Callan McAuliffe,56900000.0,3,$19.0,I Am Number Four,55100000.0
513,James McAvoy,1578000000.0,25,$63.1,The Chronicles of Narnia,291700000.0
514,Danny McBride,809700000.0,18,$45.0,Tropic Thunder,110500000.0
515,Melissa McCarthy,1194200000.0,16,$74.6,Bridesmaids,169100000.0
516,Matthew McConaughey,1962000000.0,41,$47.9,Sing,270400000.0
517,Ian McDiarmid,1474800000.0,4,$368.7,The Phantom Menace,474500000.0
518,Frances McDormand,1448000000.0,37,$39.1,Transformers 3,352400000.0
519,Ewan McGregor,2692800000.0,49,$55.0,Beauty and the Beast,504000000.0
520,Ian McKellen,3654400000.0,32,$114.2,Beauty and the Beast,504000000.0
521,Katherine McPhee,67099999.99999999,2,$33.6,The House Bunny,48200000.0
522,Leighton Meester,264000000.0,10,$26.4,Date Night,98700000.0
523,Carlos Mencia,57000000.0,2,$28.5,The Heartbreak Kid,36800000.0
524,Ben Mendelsohn,1986800000.0,28,$71.0,Rogue One,532200000.00000006
525,Eva Mendes,873400000.0,19,$46.0,Hitch,179500000.0
526,Scott Mescudi,43700000.0,3,$14.6,Need for Speed,43600000.0
527,Chris Messina,221200000.0,18,$12.3,Julie & Julia,94100000.0
528,Chrissy Metz,28800000.0,1,$28.8,Breakthrough,28800000.0
529,Breckin Meyer,433600000.0,12,$36.1,Garfield,75400000.0
530,Jonathan Rhys Meyers,336000000.0,18,$18.7,Mission: Impossible III,134000000.0
531,Alyson Michalka,100900000.0,3,$33.6,Easy A,58400000.0
532,Bette Midler,754600000.0,21,$35.9,First Wives Club,105500000.0
533,Mads Mikkelsen,1176500000.0,17,$69.2,Rogue One,532200000.00000006
534,Ezra Miller,759700000.0,12,$63.3,Fantastic Beasts and Where To Find Them,234000000.0
535,Nicki Minaj,137900000.0,2,$69.0,The Other Woman,83900000.0
536,Christopher Mintz-Plasse,1278600000.0,14,$91.3,How to Train Your Dragon,217600000.0
537,Helen Mirren,1630000000.0,49,$33.3,Monsters University,268500000.0
538,John Cameron Mitchell,9300000.0,3,$3.1,Band of the Hand,4900000.0
539,Radha Mitchell,600000000.0,24,$25.0,Olympus Has Fallen,98900000.0
540,Alfred Molina,1173800000.0,43,$27.3,Spider-Man 2,373600000.0
541,Jason Momoa,595100000.0,6,$99.2,Aquaman,335100000.0
542,Michelle Monaghan,939500000.0,21,$44.7,Mission: Impossible 6,220200000.0
543,Demi Moore,1025300000.0,32,$32.0,Ghost,217600000.0
544,Joel David Moore,915100000.0,14,$65.4,Avatar,760500000.0
545,Julianne Moore,2086600000.0,60,$34.8,Mockingjay Part 1,337100000.0
546,Mandy Moore,478500000.0,14,$34.2,Tangled,200800000.0
547,Michael Moore,149000.0,1,$149k,Michael Moore In TrumpLand,149000.0
548,Roger Moore,587800000.0,15,$39.2,The Cannonball Run,72200000.0
549,Chloe Moretz,800600000.0,23,$34.8,The Equalizer,101500000.0
550,Jeffrey Dean Morgan,289600000.0,14,$20.7,Watchmen,107500000.0
551,Tracy Morgan,583700000.0,15,$38.9,Rio 2,131500000.0
552,Viggo Mortensen,1615300000.0,30,$53.8,Return of the King,377800000.0
553,Carrie-Anne Moss,872500000.0,17,$51.3,The Matrix Reloaded,281600000.0
554,Elisabeth Moss,309300000.0,20,$15.5,Us,173300000.0
555,Bridget Moynahan,696600000.0,13,$53.6,"I, Robot",144800000.0
556,Carey Mulligan,321000000.0,12,$26.8,The Great Gatsby,144800000.0
557,Frankie Muniz,233000000.0,7,$33.3,Racing Stripes,49800000.0
558,Brittany Murphy,706900000.0,16,$44.2,Happy Feet,198000000.0
559,Cillian Murphy,902200000.0,19,$47.5,Inception,292600000.0
560,Eddie Murphy,3811100000.0,39,$97.7,Shrek 2,441200000.0
561,Bill Murray,2086500000.0,44,$47.4,The Jungle Book,364000000.0
562,Mike Myers,2427800000.0,16,$151.7,Shrek 2,441200000.0
563,Kumail Nanjiani,536700000.00000006,13,$41.3,Central Intelligence,127400000.0
564,Naturi Naughton,47200000.0,2,$23.6,Lottery Ticket,24700000.0
565,Liam Neeson,3067200000.0,69,$44.5,The Phantom Menace,474500000.0
566,Craig T. Nelson,1799300000.0,23,$78.2,Incredibles 2,608600000.0
567,Paul Newman,1082000000.0,20,$54.1,Cars,244100000.0
568,Kathryn Newton,321700000.0,6,$53.6,Bad Teacher,100300000.0
569,Thandie Newton,1117800000.0,24,$46.6,Mission: Impossible II,215400000.0
570,Mike Nichols,215000.0,1,$215k,The Designated Mourner,215000.0
571,Jack Nicholson,1796000000.0,34,$52.8,Batman,251200000.0
572,Leslie Nielsen,617900000.0,19,$32.5,Scary Movie 3,110000000.0
573,Leonard Nimoy,820300000.0,11,$74.6,Star Trek,257700000.0
574,Chuck Norris,279700000.0,17,$16.5,The Expendables 2,85000000.0
575,Dean Norris,110900000.0,8,$13.9,Death Wish (2018),34000000.0
576,Edward Norton,1103700000.0,26,$42.5,The Incredible Hulk,134800000.0
577,Lupita Nyong'o,2951900000.0,8,$369.0,Star Wars: The Force Awakens,936700000.0
578,Michael Nyqvist,319400000.0,10,$31.9,Mission: Impossible 4,209400000.0
579,Jack O'Connell,269200000.0,9,$29.9,Unbroken,115600000.0
580,Chris O'Donnell,779300000.0,19,$41.0,Batman Forever,184000000.0
581,Jason O'Mara,77300000.0,3,$25.8,Resident Evil: Extinction,50600000.0
582,Sophie Okonedo,125200000.0,8,$15.6,The Secret Life of Bees,37800000.0
583,Gary Oldman,3450300000.0,42,$82.2,The Dark Knight,535200000.00000006
584,Elizabeth Olsen,2257800000.0,17,$132.8,Avengers: Infinity War,678800000.0
585,Mary-Kate Olsen,63500000.0,4,$15.9,Beastly,27900000.0
586,Timothy Olyphant,711700000.0,23,$30.9,Live Free or Die Hard,134500000.0
587,Clive Owen,547700000.0,26,$21.1,Inside Man,88500000.0
588,David Oyelowo,622400000.0,16,$38.9,Rise of the Planet of the Apes,176800000.0
589,Lee Pace,1955400000.0,18,$108.6,Captain Marvel,416000000.0
590,Al Pacino,1457300000.0,39,$37.4,The Godfather,135000000.0
591,Ellen Page,730900000.0,17,$43.0,Inception,292600000.0
592,Adrianne Palicki,210400000.0,4,$52.6,G.I. Joe: Retaliation,122500000.0
593,Teresa Palmer,536100000.0,17,$31.5,Bedtime Stories,110100000.0
594,Gwyneth Paltrow,2965100000.0,35,$84.7,Avengers: Infinity War,678800000.0
595,Hayden Panettiere,338400000.0,12,$28.2,Remember the Titans,115700000.0
596,Anna Paquin,997600000.0,20,$49.9,X-Men: The Last Stand,234400000.0
597,Sarah Jessica Parker,990600000.0,29,$34.2,Sex and the City,152600000.0
598,Trey Parker,264600000.00000003,1,$264.6,Despicable Me 3,264600000.00000003
599,Dev Patel,449500000.0,10,$45.0,Slumdog Millionaire,141300000.0
600,Robert Pattinson,1745900000.0,16,$109.1,The Twilight Saga: Eclipse,300500000.0
601,Paula Patton,631300000.0,14,$45.1,Mission: Impossible 4,209400000.0
602,Sarah Paulson,549200000.0,15,$36.6,Ocean's 8,140200000.0
603,Bill Paxton,1550600000.0,18,$86.1,Titanic,659400000.0
604,Guy Pearce,1213200000.0,34,$35.7,Iron Man 3,409000000.0
605,Jordan Peele,167200000.0,3,$55.7,Captain Underpants,73900000.0
606,Amanda Peet,882000000.0,26,$33.9,2012,166100000.0
607,Simon Pegg,2978000000.0,23,$129.5,Star Wars: The Force Awakens,936700000.0
608,Michael Pena,1900700000.0,29,$65.5,The Martian,228400000.0
609,Kal Penn,415200000.0,13,$31.9,Superman Returns,200100000.0
610,Sean Penn,867600000.0,39,$22.2,Angry Birds,107500000.0
611,Piper Perabo,581200000.0,16,$36.3,Cheaper by the Dozen,138600000.0
612,Ron Perlman,942000000.0,23,$41.0,Fantastic Beasts and Where To Find Them,234000000.0
613,Alex Ross Perry,28200.0,1,$28.2k,7 Chinese Brothers,28200.0
614,Matthew Perry,200900000.0,7,$28.7,17 Again,64200000.0
615,Tyler Perry,1231100000.0,21,$58.6,Gone Girl,167800000.0
616,Alex Pettyfer,259399999.99999997,7,$37.1,Magic Mike,113700000.0
617,Michelle Pfeiffer,1768500000.0,40,$44.2,Ant-Man and the Wasp,216600000.0
618,Ryan Phillippe,415100000.0,17,$24.4,I Know What You Did Last Summer,72600000.0
619,Joaquin Phoenix,1020500000.0,31,$32.9,Signs,228000000.0
620,Rosamund Pike,746600000.0,23,$32.5,Gone Girl,167800000.0
621,Chris Pine,1850900000.0,21,$88.1,Wonder Woman,412600000.0
622,Jada Pinkett-Smith,1927800000.0,24,$80.3,The Matrix Reloaded,281600000.0
623,Freida Pinto,406200000.0,8,$50.8,Rise of the Planet of the Apes,176800000.0
624,Brad Pitt,2721100000.0,42,$64.8,World War Z,202400000.0
625,Aubrey Plaza,178600000.0,14,$12.8,Funny People,51900000.0
626,Jesse Plemons,551500000.0,15,$36.8,The Post,81900000.0
627,Christopher Plummer,1389700000.0,34,$40.9,National Treasure,173000000.0
628,Sidney Poitier,86000000.0,2,$43.0,Guess Who's Coming to Dinner,56700000.0
629,Sydney Pollack,533299999.99999994,10,$53.3,Tootsie,177200000.0
630,Sarah Polley,116200000.0,19,$6.1,Dawn of the Dead,59000000.0
631,Imogen Poots,136600000.0,17,$8.0,Need for Speed,43600000.0
632,Natalie Portman,2111100000.0,32,$66.0,The Phantom Menace,474500000.0
633,Parker Posey,599700000.0,34,$17.6,Superman Returns,200100000.0
634,Franka Potente,360000000.0,9,$40.0,The Bourne Supremacy,176200000.0
635,Bel Powley,25900000.0,7,$3.7,White Boy Rick,24000000.0
636,Chris Pratt,3739300000.0,20,$187.0,Avengers: Infinity War,678800000.0
637,"Freddie Prinze, Jr.",518700000.00000006,16,$32.4,Scooby-Doo,153300000.0
638,Jonathan Pryce,1583100000.0,35,$45.2,Dead Man's Chest,423300000.0
639,James Purefoy,187900000.0,6,$31.3,John Carter,73100000.0
640,Dennis Quaid,1841100000.0,58,$31.7,The Day After Tomorrow,186700000.0
641,Randy Quaid,948700000.0,38,$25.0,Independence Day,306200000.0
642,Daniel Radcliffe,2636000000.0,17,$155.1,Harry Potter / Deathly Hallows (P2),381200000.0
643,Josh Radnor,718000.0,3,$239k,Liberal Arts,327000.0
644,Edgar Ramirez,620300000.0,11,$56.4,The Bourne Ultimatum,227500000.0
645,Harold Ramis,11600000.0,1,$11.6,The Last Kiss (2006),11600000.0
646,Noomi Rapace,359400000.0,10,$35.9,Sherlock Holmes 2,186800000.0
647,Emily Ratajkowski,52400000.0,2,$26.2,I Feel Pretty,48800000.0
648,Jackson Rathbone,1307300000.0,6,$217.9,The Twilight Saga: Eclipse,300500000.0
649,Max Records,107700000.0,2,$53.8,Where the Wild Things Are,77200000.0
650,Lance Reddick,120600000.0,6,$20.1,Don't Say a Word,55000000.0
651,Robert Redford,1654600000.0,32,$51.7,Captain America 2,259800000.0
652,Eddie Redmayne,686800000.0,11,$62.4,Fantastic Beasts and Where To Find Them,234000000.0
653,Crystal Reed,21500000.0,2,$10.7,Skyline,21400000.0
654,Christopher Reeve,427800000.0,15,$28.5,Superman,134500000.0
655,Keanu Reeves,1963400000.0,47,$41.8,The Matrix Reloaded,281600000.0
656,John C. Reilly,2221000000.0,41,$54.2,Guardians of the Galaxy,333200000.0
657,Rob Reiner,117000000.0,2,$58.5,The Wolf of Wall Street,116900000.0
658,Jeremy Renner,3141800000.0,25,$125.7,The Avengers,623400000.0
659,Ryan Reynolds,2076800000.0000002,34,$61.1,Deadpool,363100000.0
660,Giovanni Ribisi,1928400000.0,32,$60.3,Avatar,760500000.0
661,Christina Ricci,743700000.0,35,$21.2,Addams Family,113500000.0
662,Denise Richards,365600000.0,12,$30.5,World Is Not Enough,126900000.0
663,Alan Rickman,1784200000.0,27,$66.1,Harry Potter / Deathly Hallows (P2),381200000.0
664,Daisy Ridley,1774900000.0,4,$443.7,Star Wars: The Force Awakens,936700000.0
665,Rob Riggle,993700000.0,16,$62.1,The Lorax,214000000.0
666,Noah Ringer,131800000.00000001,1,$131.8,The Last Airbender,131800000.00000001
667,AnnaSophia Robb,272800000.0,9,$30.3,Bridge to Terabithia,82300000.0
668,Margot Robbie,824500000.0,11,$75.0,Suicide Squad,325100000.0
669,Tim Robbins,890500000.0,38,$23.4,War of the Worlds,234300000.0
670,Emma Roberts,468200000.0,20,$23.4,We're the Millers,150400000.0
671,Julia Roberts,2916500000.0,45,$64.8,Ocean's Eleven,183400000.0
672,Chris Rock,1603000000.0,23,$69.7,Madagascar 3,216400000.0
673,Sam Rockwell,1167400000.0,39,$29.9,Iron Man 2,312400000.0
674,Gina Rodriguez,341000000.0,9,$37.9,Ferdinand,84400000.0
675,Michelle Rodriguez,2410600000.0,20,$120.5,Avatar,760500000.0
676,Seth Rogen,2229500000.0,26,$85.7,Kung Fu Panda,215400000.0
677,Elisabeth Rohm,56500000.0,1,$56.5,Joy,56500000.0
678,Rebecca Romijn,680400000.0,8,$85.1,X-Men: The Last Stand,234400000.0
679,Saoirse Ronan,337800000.0,17,$19.9,The Grand Budapest Hotel,59300000.0
680,Michael Rooker,1439400000.0,32,$45.0,Guardians of the Galaxy 2,389800000.0
681,Emmy Rossum,363300000.0,13,$27.9,The Day After Tomorrow,186700000.0
682,Eli Roth,58500.0,1,$58.5k,Aftershock,58500.0
683,Jessica Rothe,251300000.0,7,$35.9,La La Land,151100000.0
684,Mickey Rourke,842300000.0,36,$23.4,Iron Man 2,312400000.0
685,Brandon Routh,203100000.0,3,$67.7,Superman Returns,200100000.0
686,Gena Rowlands,358200000.0,21,$17.1,The Notebook,81000000.0
687,Paul Rudd,2499400000.0,36,$69.4,Avengers: Endgame,452400000.0
688,Mark Ruffalo,3358700000.0,37,$90.8,Avengers: Infinity War,678800000.0
689,Geoffrey Rush,1714800000.0,32,$53.6,Pirates of the Caribbean 3,309400000.0
690,Alex Russell,180200000.0,4,$45.1,Unbroken,115600000.0
691,Kurt Russell,2208400000.0,37,$59.7,Guardians of the Galaxy 2,389800000.0
692,Rene Russo,1530000000.0,23,$66.5,Thor: The Dark World,206400000.0
693,Amy Ryan,511700000.0,21,$24.4,Central Intelligence,127400000.0
694,Meg Ryan,1151900000.0,29,$39.7,Top Gun,179800000.0
695,Winona Ryder,917100000.0,36,$25.5,Mr. Deeds,126300000.0
696,Mark Rylance,497200000.0,7,$71.0,Dunkirk,189700000.0
697,Katee Sackhoff,100100000.0,3,$33.4,Riddick,42000000.0
698,Zoe Saldana,3786700000.0,31,$122.2,Avatar,760500000.0
699,Carlos Saldanha,84400000.0,1,$84.4,Ferdinand,84400000.0
700,Andy Samberg,865700000.0,13,$66.6,Hotel Transylvania 2,169700000.0
701,Adam Sandler,2828500000.0,33,$85.7,Hotel Transylvania 2,169700000.0
702,Rodrigo Santoro,584000000.0,9,$64.9,300,210600000.0
703,Susan Sarandon,1498600000.0,64,$23.4,Enchanted,127800000.0
704,Peter Sarsgaard,712000000.0,28,$25.4,Green Lantern,116600000.0
705,Akiva Schaffer,9600000.0,1,$9.6,Popstar,9600000.0
706,Taylor Schilling,81700000.0,6,$13.6,The Lucky One,60500000.0
707,Joseph Schneider,15000.0,1,$15.0k,I'm Not Jesus Mommy,15000.0
708,Rob Schneider,895100000.0,17,$52.7,Big Daddy,163500000.0
709,Matthias Schoenaerts,100900000.0,14,$7.2,Red Sparrow,46900000.0
710,Liev Schreiber,1187600000.0,34,$34.9,X-Men Origins: Wolverine,179900000.0
711,Amy Schumer,214400000.0,4,$53.6,Trainwreck,110200000.0
712,Jason Schwartzman,457200000.0,23,$19.9,Saving Mr. Banks,83300000.0
713,Arnold Schwarzenegger,1885000000.0,30,$62.8,Terminator 2,205900000.0
714,David Schwimmer,683000000.0,10,$68.3,Madagascar 3,216400000.0
715,Adam Scott,600000000.0,27,$22.2,Step Brothers,100500000.0
716,Steven Seagal,422900000.0,10,$42.3,Under Siege,83600000.0
717,Jason Segel,929400000.0,15,$62.0,Despicable Me,251500000.0
718,Andy Serkis,4357700000.0,26,$167.6,Star Wars: The Force Awakens,936700000.0
719,Chloe Sevigny,108800000.0,23,$4.7,Zodiac,33100000.0
720,Rufus Sewell,489100000.0,21,$23.3,Hercules,72700000.0
721,Amanda Seyfried,1088200000.0,27,$40.3,Les Miserables,148800000.0
722,Tupac Shakur,83100000.0,6,$13.8,Poetic Justice,27500000.0
723,Michael Shannon,509500000.0,23,$22.2,Man of Steel,291000000.0
724,Suraj Sharma,161400000.0,2,$80.7,Life of Pi,125000000.0
725,Charlie Sheen,905900000.0,31,$29.2,Platoon,138500000.0
726,Michael Sheen,1603100000.0,28,$57.3,Alice in Wonderland,334200000.0
727,Tye Sheridan,332800000.0,9,$37.0,X-Men: Apocalypse,155400000.0
728,M. Night Shyamalan,42300000.0,1,$42.3,Lady in the Water,42300000.0
729,Gabourey Sidibe,132500000.0,4,$33.1,Tower Heist,78000000.0
730,Sebasti√°n Silva,79800.0,1,$79.8k,Nasty Baby,79800.0
731,Alicia Silverstone,445600000.0,18,$24.8,Batman and Robin,107300000.0
732,Stellan Skarsgard,3296300000.0,46,$71.7,The Avengers,623400000.0
733,Alexander Skarsg√•rd,193400000.0,10,$19.3,The Legend of Tarzan,126600000.0
734,John Slattery,774600000.0,12,$64.6,Iron Man 2,312400000.0
735,Kodi Smit-McPhee,476500000.0,9,$52.9,Dawn of the Planet of the Apes,208500000.0
736,Jaden Smith,480000000.0,4,$120.0,The Karate Kid,176600000.0
737,Kevin Smith,209900000.0,7,$30.0,Live Free or Die Hard,134500000.0
738,Maggie Smith,691700000.0,24,$28.8,Sister Act,139600000.0
739,Will Smith,3205000000.0,25,$128.2,Suicide Squad,325100000.0
740,Wesley Snipes,976500000.0,31,$31.5,Blade II,82300000.0
741,Kang-ho Song,14100000.0,8,$1.8,The Interview (2014),6100000.0
742,Mira Sorvino,69900000.0,13,$5.4,Romy & Michele's High School Reunion,29200000.0
743,Kevin Spacey,1530200000.0,40,$38.3,Superman Returns,200100000.0
744,David Spade,906100000.0,15,$60.4,Hotel Transylvania 2,169700000.0
745,Octavia Spencer,1096400000.0,14,$78.3,Zootopia,341300000.0
746,Brent Spiner,1037200000.0,17,$61.0,Independence Day,306200000.0
747,Morgan Spurlock,638000.0,1,$638k,POM Wonderful Presents: The Greatest Movie Ever Sold,638000.0
748,Sylvester Stallone,2555900000.0,43,$59.4,Guardians of the Galaxy 2,389800000.0
749,Sebastian Stan,1896400000.0,18,$105.4,Avengers: Infinity War,678800000.0
750,Lakeith Stanfield,521700000.00000006,11,$47.4,Get Out,176000000.0
751,Jason Statham,1654700000.0,33,$50.1,Furious 7,353000000.0
752,Imelda Staunton,671400000.0,16,$42.0,Harry Potter / Phoenix,292100000.0
753,Hailee Steinfeld,902700000.0,15,$60.2,Spider-Man: Into The Spider-Verse,190200000.0
754,Dan Stevens,670200000.0,9,$74.5,Beauty and the Beast,504000000.0
755,Ray Stevenson,1166800000.0,16,$72.9,Thor: The Dark World,206400000.0
756,Kristen Stewart,1820500000.0,31,$58.7,The Twilight Saga: Eclipse,300500000.0
757,Patrick Stewart,1551500000.0,22,$70.5,X-Men: The Last Stand,234400000.0
758,Julia Stiles,1041300000.0,20,$52.1,The Bourne Ultimatum,227500000.0
759,Ben Stiller,2829100000.0,38,$74.5,Meet the Fockers,279300000.0
760,Emma Stone,1593600000.0,20,$79.7,The Amazing Spider-Man,262000000.0
761,Sharon Stone,743900000.0,35,$21.3,Total Recall,119400000.0
762,Meryl Streep,2413000000.0,56,$43.1,Mary Poppins Returns,172000000.0
763,Barbra Streisand,995400000.0,15,$66.4,Meet the Fockers,279300000.0
764,Mark Strong,1367200000.0,39,$35.1,Sherlock Holmes,209000000.0
765,Jim Sturgess,233300000.0,13,$17.9,21,81200000.0
766,Tom Sturridge,23800000.0,8,$3.0,Far from the Madding Crowd,12200000.0
767,Jason Sudeikis,921300000.0,19,$48.5,We're the Millers,150400000.0
768,Jeremy Sumpter,139900000.0,4,$35.0,Peter Pan,48500000.0
769,Kiefer Sutherland,1087500000.0,36,$30.2,Monsters Vs. Aliens,198400000.0
770,Hilary Swank,476200000.0,19,$25.1,Million Dollar Baby,100500000.0
771,Nick Swardson,792500000.0,13,$61.0,Grown Ups 2,133699999.99999999
772,Patrick Swayze,575100000.0,24,$24.0,Ghost,217600000.0
773,Tilda Swinton,1315500000.0,35,$37.6,The Chronicles of Narnia,291700000.0
774,Omar Sy,1074700000.0,7,$153.5,Jurassic World,652300000.0
775,Jorma Taccone,330800000.0,4,$82.7,The LEGO Movie,257800000.0
776,Quentin Tarantino,28700000.0,2,$14.3,From Dusk Till Dawn,25800000.0
777,Channing Tatum,2250400000.0,34,$66.2,The LEGO Movie,257800000.0
778,Christine Taylor,307900000.0,7,$44.0,DodgeBall,114300000.0
779,Aimee Teegarden,10200000.0,3,$3.4,Prom,10100000.0
780,Miles Teller,659900000.0,16,$41.2,Divergent,150900000.0
781,Juno Temple,396200000.0,18,$22.0,Maleficent,241400000.0
782,Charlize Theron,1666400000.0,38,$43.9,Hancock,227900000.0
783,Max Thieriot,233500000.0,9,$25.9,The Pacifier,113100000.0
784,Olivia Thirlby,366300000.0,17,$21.5,Juno,143500000.0
785,Emma Thompson,1574500000.0,34,$46.3,Beauty and the Beast,504000000.0
786,Tessa Thompson,1099700000.0,10,$110.0,Avengers: Endgame,452400000.0
787,Bella Thorne,324900000.0,10,$32.5,Alvin and the Chipmunks: The Road Chip,85900000.0
788,Billy Bob Thornton,1057099999.9999999,36,$29.4,Armageddon,201600000.0
789,Uma Thurman,789100000.0,34,$23.2,Pulp Fiction,107900000.0
790,Brenton Thwaites,488600000.0,6,$81.4,Maleficent,241400000.0
791,Justin Timberlake,671500000.0,15,$44.8,Trolls,153700000.0
792,Analeigh Tipton,151800000.0,4,$37.9,"Crazy, Stupid, Love.",84400000.0
793,Marisa Tomei,2099600000.0,45,$46.7,Captain America 3,408100000.0
794,Lily Tomlin,642500000.0,21,$30.6,Spider-Man: Into The Spider-Verse,190200000.0
795,Michelle Trachtenberg,254200000.0,8,$31.8,Inspector Gadget,97400000.0
796,John Travolta,2404400000.0,46,$52.3,Grease,190000000.0
797,Stanley Tucci,3778200000.0,56,$67.5,Beauty and the Beast,504000000.0
798,Chris Tucker,797700000.0,9,$88.6,Rush Hour 2,226200000.0
799,Alan Tudyk,2499500000.0,13,$192.3,Rogue One,532200000.00000006
800,Liv Tyler,1545600000.0,23,$67.2,Return of the King,377800000.0
801,Carrie Underwood,43900000.0,1,$43.9,Soul Surfer,43900000.0
802,Kate Upton,128199999.99999999,2,$64.1,The Other Woman,83900000.0
803,Karl Urban,2276600000.0,19,$119.8,Return of the King,377800000.0
804,Wilmer Valderrama,76800000.0,8,$9.6,Larry Crowne,35600000.0
805,Jean-Claude Van Damme,610800000.0,22,$27.8,Kung Fu Panda 2,165200000.0
806,Nia Vardalos,317900000.0,5,$63.6,My Big Fat Greek Wedding,241400000.0
807,Vince Vaughn,1806900000.0,36,$50.2,The Lost World,229100000.0
808,Alexa Vega,369500000.0,9,$41.1,Spy Kids,112700000.0
809,Alicia Vikander,368000000.0,13,$28.3,Jason Bourne,162400000.0
810,Goran Visnjic,86100000.0,7,$12.3,Practical Magic,46700000.0
811,Mike Vogel,537700000.0,12,$44.8,The Help,169700000.0
812,Jon Voight,2268200000.0,35,$64.8,Transformers,319200000.0
813,Mark Wahlberg,3005900000.0,43,$69.9,Transformers 4,245400000.0
814,David Wain,101000.0,2,$50.3k,Delirious (2007),86500.0
815,Rhys Wakefield,46700000.0,3,$15.6,Endless Love,23400000.0
816,Christopher Walken,2093000000.0,62,$33.8,The Jungle Book,364000000.0
817,Paul Walker,1644400000.0,19,$86.5,Furious 7,353000000.0
818,Quvenzhane Wallis,253100000.0,4,$63.3,Trolls,153700000.0
819,Julie Walters,1798600000.0,28,$64.2,Harry Potter / Sorcerer's Stone,317900000.0
820,Christoph Waltz,1079800000.0,15,$72.0,Spectre,200100000.0
821,Denzel Washington,2502000000.0,47,$53.2,American Gangster,130199999.99999999
822,Mia Wasikowska,534200000.00000006,18,$29.7,Alice in Wonderland,334200000.0
823,Katherine Waterston,503100000.0,7,$71.9,Fantastic Beasts and Where To Find Them,234000000.0
824,Emma Watson,3207900000.0,18,$178.2,Beauty and the Beast,504000000.0
825,Naomi Watts,949800000.0,38,$25.0,King Kong,218100000.0
826,Damon Wayans,217400000.0,11,$19.8,The Last Boy Scout,59500000.0
827,Keenen Ivory Wayans,69200000.0,4,$17.3,A Low Down Dirty Shame,29400000.0
828,Marlon Wayans,765600000.0,17,$45.0,Scary Movie,157000000.0
829,Shawn Wayans,377900000.0,5,$75.6,Scary Movie,157000000.0
830,John Wayne,8199999.999999999,2,$4.1,The Shootist,8100000.0
831,Sigourney Weaver,2280100000.0,47,$48.5,Avatar,760500000.0
832,Hugo Weaving,2189400000.0,20,$109.5,Fellowship of the Ring,315500000.0
833,Rachel Weisz,1267100000.0,38,$33.3,Oz The Great and Powerful,234900000.0
834,Leigh Whannell,90200000.0,3,$30.1,Insidious 4,67700000.0
835,Ben Whishaw,879600000.0,15,$58.6,Skyfall,304400000.0
836,Forest Whitaker,2830500000.0,57,$49.7,Black Panther,700100000.0
837,Kristen Wiig,2367500000.0,33,$71.7,Despicable Me 2,368100000.0
838,Olivia Wilde,575600000.0,22,$26.2,Tron Legacy,172100000.0
839,Gene Wilder,357200000.0,10,$35.7,Blazing Saddles,119600000.0
840,Tom Wilkinson,1208400000.0,46,$26.3,Rush Hour,141200000.0
841,Michael K. Williams,656600000.0,16,$41.0,The Incredible Hulk,134800000.0
842,Michelle Williams,1156400000.0,31,$37.3,Oz The Great and Powerful,234900000.0
843,Robin Williams,3279300000.0,50,$65.6,Night at the Museum,250900000.0
844,Bruce Willis,3335000000.0,62,$53.8,Sixth Sense,293500000.0
845,Luke Wilson,656700000.0,32,$20.5,Legally Blonde,96500000.0
846,Owen Wilson,2922500000.0,43,$68.0,Night at the Museum,250900000.0
847,Patrick Wilson,1118400000.0,21,$53.3,Aquaman,335100000.0
848,Rebel Wilson,620700000.0,9,$69.0,Pitch Perfect 2,184300000.0
849,Oprah Winfrey,745400000.0,9,$82.8,Bee Movie,126600000.0
850,Kate Winslet,1519300000.0,34,$44.7,Titanic,659400000.0
851,Mary Elizabeth Winstead,480000000.0,18,$26.7,Live Free or Die Hard,134500000.0
852,Reese Witherspoon,1652300000.0,33,$50.1,Sing,270400000.0
853,Ellen Wong,31500000.0,1,$31.5,Scott Pilgrim vs. the World,31500000.0
854,Elijah Wood,1889300000.0,37,$51.1,Return of the King,377800000.0
855,Shailene Woodley,614700000.0,9,$68.3,Divergent,150900000.0
856,Kenny Wormald,64400000.00000001,4,$16.1,Footloose,51800000.0
857,Sam Worthington,1329900000.0,15,$88.7,Avatar,760500000.0
858,Jeffrey Wright,2006700000.0,27,$74.3,Catching Fire,424700000.0
859,Letitia Wright,2005300000.0,6,$334.2,Black Panther,700100000.0
860,Robin Wright,837200000.0,7,$119.6,Wonder Woman,412600000.0
861,Anton Yelchin,1090500000.0,22,$49.6,Star Trek,257700000.0
862,Donnie Yen,804700000.0,14,$57.5,Rogue One,532200000.00000006
863,Michelle Yeoh,806100000.0,13,$62.0,Crazy Rich Asians,174500000.0
864,Steven Yeun,58700000.0,3,$19.6,The Star,40900000.0
865,Renee Zellweger,1198900000.0,29,$41.3,Chicago,170700000.0
866,Catherine Zeta-Jones,1229300000.0,24,$51.2,Chicago,170700000.0
867,Zhang Ziyi,485900000.0,10,$48.6,Rush Hour 2,226200000.0
868,Josh Zuckerman,8400000.0,2,$4.2,Sex Drive,8400000.0
